{
"texture":"snow.png",
"emitterType":0
,"startAlphaVariance":0
,"radialAcceleration":0
,"duration":-1
,"radialAccelerationVariance":0
,"endAlphaVariance":0
,"emitter":{"x":491,"y":-28}
,"tangentialAcceleration":0
,"startGreen":255
,"tangentialAccelerationVariance":0
,"lifespanVariance":700
,"emitterVariance":{"x":394,"y":2}
,"startSize":20
,"startBlueVariance":0
,"maxRadiusVariance":30
,"lifespan":2230
,"minRadius":20
,"endSize":10
,"minRadiusVariance":10
,"startBlue":255
,"endBlue":255
,"rotatePerSecond":30
,"startRed":255
,"endBlueVariance":0
,"rotatePerSecondVariance":10
,"emitAngleVariance":360
,"gravity":{"x":0,"y":110}
,"startRotation":0
,"startSizeVariance":10
,"endAlpha":1
,"engGreenVariance":0
,"endRotation":263.58
,"maxRadius":100
,"endSizeVariance":5
,"endRotationVariance":292.07
,"startGreenVariance":0
,"startRotationVariance":45
,"endRed":255
,"speedVariance":0
,"endRedVariance":0
,"blendFactorSource":"one"
,"startAlpha":0.8901960784313725
,"maxParticles":200
,"blendFactorDestination":"oneMinusSourceAlpha"
,"emitAngle":180
,"speed":20
,"startRedVariance":0
,"endGreen":255
}